<?xml version="1.0"?>
<!DOCTYPE hibernate-mapping PUBLIC "-//Hibernate/Hibernate Mapping DTD 3.0//EN"
"http://www.hibernate.org/dtd/hibernate-mapping-3.0.dtd">
<!-- Generated 1/06/2017 11:44:46 PM by Hibernate Tools 4.3.1 -->
<hibernate-mapping>
    <class name="modelo.Menu" table="menu" catalog="restaurante" optimistic-lock="version">
        <id name="cod" type="int">
            <column name="cod" />
            <generator class="assigned" />
        </id>
        <property name="nombre" type="string">
            <column name="nombre" length="50" not-null="true" />
        </property>
        <property name="precio" type="string">
            <column name="precio" length="50" not-null="true" />
        </property>
        <property name="tiempoPreparacion" type="int">
            <column name="tiempoPreparacion" not-null="true" />
        </property>
        <property name="foto" type="binary">
            <column name="foto" />
        </property>
        <property name="categoria" type="string">
            <column name="categoria" length="10" />
        </property>
        <property name="calificacion" type="java.lang.Integer">
            <column name="calificacion" />
        </property>
        <property name="descripcion" type="string">
            <column name="descripcion" length="100" />
        </property>
    </class>
</hibernate-mapping>
